bookingNo,guestNo,roomNo,dateFrom,dateTo
1,1,1,4/20/23,4/22/23
2,2,2,4/21/23,4/23/23
3,3,3,4/22/23,4/24/23
4,4,4,4/23/23,4/25/23
5,5,5,4/24/23,4/26/23
6,6,6,4/25/23,4/27/23
7,7,7,4/26/23,4/28/23
8,8,8,4/27/23,4/29/23
9,9,9,4/28/23,4/30/23
10,10,10,4/29/23,5/1/23
11,11,11,4/30/23,5/2/23
12,12,12,5/1/23,5/3/23
13,13,13,5/2/23,5/4/23
14,14,14,5/3/23,5/5/23
15,15,15,5/4/23,5/6/23
16,16,16,5/5/23,5/7/23
17,17,17,5/6/23,5/8/23
18,18,18,5/7/23,5/9/23
19,19,19,5/8/23,5/10/23
20,20,20,5/9/23,5/11/23
21,21,21,5/10/23,5/12/23
22,22,22,5/11/23,5/13/23
23,23,23,5/12/23,5/14/23
24,24,24,5/13/23,5/15/23