scheduleNo,employeeNo,date,startTime,endTime
1,1,4/20/23,0:00:00,2:00:00
2,2,4/20/23,1:00:00,3:00:00
3,3,4/20/23,2:00:00,4:00:00
4,4,4/20/23,3:00:00,5:00:00
5,5,4/20/23,4:00:00,6:00:00
6,6,4/20/23,5:00:00,7:00:00
7,7,4/20/23,6:00:00,8:00:00
8,8,4/20/23,7:00:00,9:00:00
9,9,4/20/23,8:00:00,10:00:00
10,10,4/20/23,9:00:00,11:00:00
11,11,4/20/23,10:00:00,12:00:00
12,12,4/20/23,11:00:00,13:00:00
13,13,4/20/23,12:00:00,14:00:00
14,14,4/20/23,13:00:00,15:00:00
15,15,4/20/23,14:00:00,16:00:00
16,16,4/20/23,15:00:00,17:00:00
17,17,4/20/23,16:00:00,18:00:00
18,18,4/20/23,17:00:00,19:00:00
19,19,4/20/23,18:00:00,20:00:00
20,20,4/20/23,19:00:00,21:00:00
21,21,4/20/23,20:00:00,22:00:00
22,22,4/20/23,21:00:00,23:00:00
23,23,4/20/23,22:00:00,0:00:00
24,24,4/20/23,23:00:00,1:00:00